{"cameraMode":{"drawMode":0,"name":"Shaded","section":"Shading Mode"},"sceneLighting":true,"audioPlay":false,"sceneViewState":{"showFog":true,"showMaterialUpdate":true,"showSkybox":true,"showFlares":true,"showImageEffects":true,"showParticleSystems":true},"in2DMode":false,"pivot":{"x":12.034497261047364,"y":-1.5550298690795899,"z":4.646688461303711},"rotation":{"x":-0.1836300641298294,"y":-0.3996712267398834,"z":0.08206538110971451,"w":-0.894320011138916},"size":34.15436553955078,"orthographic":false}