{"cameraMode":{"drawMode":0,"name":"Shaded","section":"Shading Mode"},"sceneLighting":true,"audioPlay":false,"sceneViewState":{"showFog":true,"showMaterialUpdate":true,"showSkybox":true,"showFlares":true,"showImageEffects":true,"showParticleSystems":true},"in2DMode":false,"pivot":{"x":-6.61123514175415,"y":4.432653427124023,"z":11.29054069519043},"rotation":{"x":0.005819924641400576,"y":0.23977774381637574,"z":0.0014381264336407185,"w":-0.9708093404769898},"size":25.256654739379884,"orthographic":false}