{"cameraMode":{"drawMode":0,"name":"Shaded","section":"Shading Mode"},"sceneLighting":true,"audioPlay":false,"sceneViewState":{"showFog":true,"showMaterialUpdate":true,"showSkybox":true,"showFlares":true,"showImageEffects":true,"showParticleSystems":true},"in2DMode":false,"pivot":{"x":-3.8131418228149416,"y":3.458784341812134,"z":5.285062789916992},"rotation":{"x":-0.06560984998941422,"y":0.10223788768053055,"z":-0.006757432594895363,"w":-0.9925709962844849},"size":25.256654739379884,"orthographic":false}